{
  "id": "3783154",
  "name": "webgis",
  "font_family": "iconfont",
  "css_prefix_text": "icon-",
  "description": "",
  "glyphs": [
    {
      "icon_id": "4694304",
      "name": "向下占行",
      "font_class": "xiangxiazhanhang",
      "unicode": "ec0c",
      "unicode_decimal": 60428
    },
    {
      "icon_id": "1296",
      "name": "向上",
      "font_class": "xiangshang",
      "unicode": "e600",
      "unicode_decimal": 58880
    },
    {
      "icon_id": "6049",
      "name": "切换器（上）",
      "font_class": "qiehuanqishang",
      "unicode": "e601",
      "unicode_decimal": 58881
    },
    {
      "icon_id": "630085",
      "name": "向上箭头",
      "font_class": "xiangshangjiantou",
      "unicode": "e65d",
      "unicode_decimal": 58973
    },
    {
      "icon_id": "4694305",
      "name": "向上占行",
      "font_class": "xiangshangzhanhang",
      "unicode": "ec0b",
      "unicode_decimal": 60427
    },
    {
      "icon_id": "5387954",
      "name": "上传_o",
      "font_class": "shangchuan_o",
      "unicode": "eb9c",
      "unicode_decimal": 60316
    },
    {
      "icon_id": "11474371",
      "name": "export services",
      "font_class": "Exportservices",
      "unicode": "e702",
      "unicode_decimal": 59138
    },
    {
      "icon_id": "11855559",
      "name": "地图",
      "font_class": "ditu",
      "unicode": "e604",
      "unicode_decimal": 58884
    }
  ]
}
